{
  "id": "ose-lights",
  "name": "ose-lights",
  "title": "Light sources for OSE",
  "description": "Provides torch, lantern, light spells, etc. for OSE system.",
  "version": "1.2.6",
  "compatibility": {
    "minimum": 12,
    "verified": 12,
    "maximum": 12
  },
  "authors": [
    {
      "name": "Chris Sharp",
      "url": "https://github.com/chrisesharp",
      "discord": "ChrisSharp#3966"
    }
  ],
  "relationships": {
    "systems": [
      {
        "id": "ose",
        "manifest": "https://github.com/vttred/ose/releases/latest/download/system.json"
      }
    ],
    "requires": [
      {
        "id": "classicfantasycompendium",
        "manifest": "https://github.com/unitedfantasytoolkit/classicfantasycompendium/releases/download/1.0.0/module.json"
      },
      {
        "id": "about-time",
        "manifest": "https://gitlab.com/tposney/about-time/raw/master/package/module.json"
      },
      {
        "id": "foundryvtt-simple-calendar",
        "manifest": "https://github.com/vigoren/foundryvtt-simple-calendar/releases/latest/download/module.json"
      },
      {
        "id": "socketlib",
        "manifest": "https://raw.githubusercontent.com/manuelVo/foundryvtt-socketlib/master/module.json"
      }
    ]
  },
  "esmodules": [
    "module/module.js"
  ],
  "scripts": [],
  "packs": [
    {
      "name": "macros",
      "label": "Macros",
      "package": "ose-lights",
      "path": "packs/macros.db",
      "type": "Macro"
    }
  ],
  "languages": [
    {
      "lang": "en",
      "name": "English",
      "path": "lang/en.json"
    }
  ],
  "socket": true,
  "url": "https://github.com/chrisesharp/foundryvtt-ose-lights",
  "manifest": "https://raw.githubusercontent.com/chrisesharp/foundryvtt-ose-lights/master/src/module.json",
  "download": "https://raw.githubusercontent.com/chrisesharp/foundryvtt-ose-lights/master/package/ose-lights-v1.2.6.zip",
  "media": [
    {
      "type": "icon",
      "url": "https://avatars2.githubusercontent.com/u/71292812?s=400&u=ccdb4eeb7abf551ca8f314e5a9bfd0479a4d3d41&v=4"
    }
  ]
}