{
  "name": "ose-lights",
  "title": "Light sources for OSE",
  "description": "Provides torch, lantern, light spells, etc. for OSE system.",
  "version": "1.1.2",
  "library": "false",
  "manifestPlusVersion": "1.0.0",
  "minimumCoreVersion": "0.8.9",
  "compatibleCoreVersion": "9",
  "authors": [
    {
      "name": "Chris Sharp",
      "url": "https://github.com/chrisesharp",
      "discord": "ChrisSharp#3966"
    }
  ],
  "dependencies": [
    {
      "name": "ose",
      "type": "system"
    },
    {
      "name": "ose-content",
      "manifest": "https://gitlab.com/mesfoliesludiques/foundryvtt-ose-content/raw/master/module.json"
    },
    {
      "name": "about-time",
      "manifest": "https://gitlab.com/tposney/about-time/raw/master/package/module.json"
    },
    {
      "name": "socketlib",
      "manifest": "https://raw.githubusercontent.com/manuelVo/foundryvtt-socketlib/master/module.json"
    }
  ],
  "conflicts": [],
  "esmodules": [
    "module/module.js"
  ],
  "scripts": [],
  "packs": [
    {
      "name": "macros",
      "label": "Macros",
      "package": "ose-lights",
      "path": "packs/macros.db",
      "entity": "Macro"
    }
  ],
  "styles": ["styles/module.css"],
  "languages": [
    {
      "lang": "en",
      "name": "English",
      "path": "lang/en.json"
    }
  ],
  "socket": true,
  "url": "https://github.com/chrisesharp/foundryvtt-ose-lights",
  "manifest": "https://raw.githubusercontent.com/chrisesharp/foundryvtt-ose-lights/master/src/module.json",
  "download": "https://raw.githubusercontent.com/chrisesharp/foundryvtt-ose-lights/master/package/ose-lights-v1.1.2.zip",
  "media": [
    {
      "type": "icon",
      "url": "https://avatars2.githubusercontent.com/u/71292812?s=400&u=ccdb4eeb7abf551ca8f314e5a9bfd0479a4d3d41&v=4"
    }
  ]
}